{
  "metadata": {
    "model": {
      "name": "Llama-3-8B",
      "quantization": "AWQ-4bit",
      "params_b": 8.03,
      "model_weights_gb": 4.015,
      "kv_cache_per_token_mb": 0.125
    },
    "simulation_constants": {
      "compute_utilization": 0.85,
      "bandwidth_utilization": 0.7,
      "memory_overhead_pct": 0.1
    }
  },
  "latency_analysis": {
    "English": {
      "H100": {
        "prefill_ms": 4.359469574388591,
        "decode_ms": 98.01361741509592,
        "total_ms": 102.3730869894845,
        "prefill_pct": 4.258413712616075,
        "decode_pct": 95.74158628738392
      },
      "A100": {
        "prefill_ms": 6.916466151674207,
        "decode_ms": 161.03267206501783,
        "total_ms": 167.94913821669203,
        "prefill_pct": 4.118190914889016,
        "decode_pct": 95.88180908511099
      },
      "T4": {
        "prefill_ms": 33.19903752803619,
        "decode_ms": 1026.0800573142853,
        "total_ms": 1059.2790948423215,
        "prefill_pct": 3.1341161823813795,
        "decode_pct": 96.86588381761862
      },
      "RTX4060": {
        "prefill_ms": 142.81518460108225,
        "decode_ms": 1207.153008605042,
        "total_ms": 1349.9681932061244,
        "prefill_pct": 10.579151814081003,
        "decode_pct": 89.42084818591898
      }
    },
    "Chinese": {
      "H100": {
        "prefill_ms": 2.789725407904931,
        "decode_ms": 61.746768596878454,
        "total_ms": 64.53649400478338,
        "prefill_pct": 4.322709888296937,
        "decode_pct": 95.67729011170307
      },
      "A100": {
        "prefill_ms": 4.4260066567722465,
        "decode_ms": 101.44760902380717,
        "total_ms": 105.87361568057942,
        "prefill_pct": 4.180462363848519,
        "decode_pct": 95.81953763615148
      },
      "T4": {
        "prefill_ms": 21.244831952506782,
        "decode_ms": 646.4114837485714,
        "total_ms": 667.6563157010781,
        "prefill_pct": 3.1820011962589567,
        "decode_pct": 96.81799880374106
      },
      "RTX4060": {
        "prefill_ms": 91.39073970304042,
        "decode_ms": 760.4840985277311,
        "total_ms": 851.8748382307715,
        "prefill_pct": 10.728188649502384,
        "decode_pct": 89.27181135049761
      }
    },
    "Spanish": {
      "H100": {
        "prefill_ms": 6.430133695201425,
        "decode_ms": 145.150740296597,
        "total_ms": 151.58087399179843,
        "prefill_pct": 4.242048172614007,
        "decode_pct": 95.757951827386
      },
      "A100": {
        "prefill_ms": 10.201654420271492,
        "decode_ms": 238.47718489141735,
        "total_ms": 248.67883931168885,
        "prefill_pct": 4.102341175673959,
        "decode_pct": 95.89765882432604
      },
      "T4": {
        "prefill_ms": 48.96794121730316,
        "decode_ms": 1519.5468124799997,
        "total_ms": 1568.514753697303,
        "prefill_pct": 3.1219305461983016,
        "decode_pct": 96.8780694538017
      },
      "RTX4060": {
        "prefill_ms": 210.6496478573597,
        "decode_ms": 1787.702132329412,
        "total_ms": 1998.3517801867717,
        "prefill_pct": 10.541169475059679,
        "decode_pct": 89.45883052494032
      }
    },
    "Arabic": {
      "H100": {
        "prefill_ms": 9.196671406773616,
        "decode_ms": 209.32853956503197,
        "total_ms": 218.5252109718056,
        "prefill_pct": 4.208517344920986,
        "decode_pct": 95.79148265507901
      },
      "A100": {
        "prefill_ms": 14.590872904977374,
        "decode_ms": 343.9188855040986,
        "total_ms": 358.50975840907597,
        "prefill_pct": 4.069867712869484,
        "decode_pct": 95.93013228713052
      },
      "T4": {
        "prefill_ms": 70.0361899438914,
        "decode_ms": 2191.4081485714287,
        "total_ms": 2261.44433851532,
        "prefill_pct": 3.096967223605046,
        "decode_pct": 96.90303277639497
      },
      "RTX4060": {
        "prefill_ms": 301.2807641530735,
        "decode_ms": 2578.1272336134452,
        "total_ms": 2879.4079977665187,
        "prefill_pct": 10.463288439386467,
        "decode_pct": 89.53671156061354
      }
    },
    "Swahili": {
      "H100": {
        "prefill_ms": 8.965879873711229,
        "decode_ms": 203.9093390999744,
        "total_ms": 212.87521897368563,
        "prefill_pct": 4.2118006581214775,
        "decode_pct": 95.78819934187852
      },
      "A100": {
        "prefill_ms": 14.224713261176468,
        "decode_ms": 335.01534378857986,
        "total_ms": 349.24005704975633,
        "prefill_pct": 4.07304745662376,
        "decode_pct": 95.92695254337625
      },
      "T4": {
        "prefill_ms": 68.27862365364705,
        "decode_ms": 2134.6758937028567,
        "total_ms": 2202.954517356504,
        "prefill_pct": 3.099411409345839,
        "decode_pct": 96.90058859065415
      },
      "RTX4060": {
        "prefill_ms": 293.7200885166816,
        "decode_ms": 2511.3834043563024,
        "total_ms": 2805.103492872984,
        "prefill_pct": 10.470918069973017,
        "decode_pct": 89.52908193002698
      }
    },
    "Hindi": {
      "H100": {
        "prefill_ms": 10.851990138600117,
        "decode_ms": 247.73341193060978,
        "total_ms": 258.5854020692099,
        "prefill_pct": 4.1966754703715266,
        "decode_pct": 95.80332452962847
      },
      "A100": {
        "prefill_ms": 17.217099739125185,
        "decode_ms": 407.01664049413574,
        "total_ms": 424.2337402332609,
        "prefill_pct": 4.058399440284624,
        "decode_pct": 95.94160055971538
      },
      "T4": {
        "prefill_ms": 82.64207874780088,
        "decode_ms": 2593.4591561485713,
        "total_ms": 2676.1012348963723,
        "prefill_pct": 3.088152184609005,
        "decode_pct": 96.911847815391
      },
      "RTX4060": {
        "prefill_ms": 355.50861142336583,
        "decode_ms": 3051.128418998319,
        "total_ms": 3406.637030421685,
        "prefill_pct": 10.43576431092102,
        "decode_pct": 89.56423568907897
      }
    }
  },
  "rdi_analysis": {
    "English": {
      "H100": 4.934701492537312e-06,
      "A100": 8.107528200098086e-06,
      "T4": 0.00025830078124999996,
      "RTX4060": 0.0006077665441176469,
      "CPU": 5.166015624999999e-05
    },
    "Chinese": {
      "H100": 1.9884328358208953e-06,
      "A100": 3.2669200588523783e-06,
      "T4": 0.00010408203124999998,
      "RTX4060": 0.0002448988970588235,
      "CPU": 2.0816406249999998e-05
    },
    "Spanish": {
      "H100": 1.0531343283582089e-05,
      "A100": 1.7302599313388912e-05,
      "T4": 0.0005512499999999999,
      "RTX4060": 0.0012970588235294116,
      "CPU": 0.00011024999999999998
    },
    "Arabic": {
      "H100": 2.1492537313432835e-05,
      "A100": 3.531142717018146e-05,
      "T4": 0.001125,
      "RTX4060": 0.0026470588235294116,
      "CPU": 0.000225
    },
    "Swahili": {
      "H100": 2.0431343283582087e-05,
      "A100": 3.3567925453653746e-05,
      "T4": 0.0010694531249999999,
      "RTX4060": 0.0025163602941176465,
      "CPU": 0.00021389062499999997
    },
    "Hindi": {
      "H100": 2.98839552238806e-05,
      "A100": 4.909820990681707e-05,
      "T4": 0.0015642382812500002,
      "RTX4060": 0.0036805606617647062,
      "CPU": 0.00031284765625000003
    }
  },
  "cumulative_disadvantage": {
    "English_H100": [
      {
        "turn": 1,
        "latency_ms": 157.52326593773986,
        "cumulative_ms": 157.52326593773986
      },
      {
        "turn": 2,
        "latency_ms": 165.65573195609815,
        "cumulative_ms": 323.178997893838
      },
      {
        "turn": 3,
        "latency_ms": 173.83038524606192,
        "cumulative_ms": 497.0093831398999
      },
      {
        "turn": 4,
        "latency_ms": 182.04722580763115,
        "cumulative_ms": 679.056608947531
      },
      {
        "turn": 5,
        "latency_ms": 190.3062536408059,
        "cumulative_ms": 869.3628625883368
      }
    ],
    "English_T4": [
      {
        "turn": 1,
        "latency_ms": 1649.071690285714,